index,depth_bin,sum_root_length,rld,x_location,y_location
0,"(-0.001, 0.1]",0,0.0363073428,0.1,1.5
1,"(0.1, 0.2]",0,0.3440751129,0.1,1.5
2,"(0.2, 0.3]",0,0.164066328,0.1,1.5
3,"(0.3, 0.4]",0,0.2488408779,0.1,1.5
4,"(0.4, 0.5]",0,0.4478920656,0.1,1.5
5,"(0.5, 0.6]",1.4667516695,1.021494271,0.1,1.5
6,"(0.6, 0.7]",0,1.0230845625,0.1,1.5
7,"(0.7, 0.8]",0,0.5471798994,0.1,1.5
8,"(0.8, 0.9]",0,0.183305576,0.1,1.5
9,"(0.9, 1.0]",0,0.4579375234,0.1,1.5
